<?xml version="1.0" encoding="UTF-8"?>
<QCARConfig>
  <Tracking>
    <ImageTarget name="Mushroom" size="10.000000 12.774261" />
    <ImageTarget name="Greengrass" size="10.000000 12.774261" />
    <ImageTarget name="Redgrass" size="10.000000 12.770365" />
    <ImageTarget name="Redtree" size="10.000000 12.770365" />
    <ImageTarget name="Sandtree" size="10.000000 12.774261" />
    <ImageTarget name="Snowtree" size="10.000000 12.774261" />
    <ImageTarget name="Greentree" size="10.000000 12.774261" />
  </Tracking>
</QCARConfig>
