{"root":[{"assemblyName":"Unity.VisualScripting.Core","nameSpace":"Unity.VisualScripting","className":"RuntimeVSUsageUtility","methodName":"RuntimeInitializeOnLoadBeforeSceneLoad","loadTypes":1,"isUnityClass":true},{"assemblyName":"VuforiaScripts","nameSpace":"Vuforia.UnityRuntimeCompiled","className":"ARFoundationInitializer","methodName":"OnAfterAssembliesLoaded","loadTypes":2,"isUnityClass":false},{"assemblyName":"VuforiaScripts","nameSpace":"Vuforia.UnityRuntimeCompiled","className":"RuntimeOpenSourceInitializer","methodName":"OnRuntimeMethodLoad","loadTypes":1,"isUnityClass":false},{"assemblyName":"Vuforia.Unity.Engine","nameSpace":"Vuforia.Internal.Core","className":"OneTimeInitialization","methodName":"Initialize","loadTypes":1,"isUnityClass":false},{"assemblyName":"Vuforia.Unity.Engine","nameSpace":"Vuforia.Internal.Core","className":"OneTimeInitialization","methodName":"Initialize","loadTypes":1,"isUnityClass":false},{"assemblyName":"Vuforia.Unity.Engine","nameSpace":"Vuforia.Internal.Core","className":"OneTimeInitialization","methodName":"Initialize","loadTypes":1,"isUnityClass":false},{"assemblyName":"Vuforia.Unity.Engine","nameSpace":"Vuforia.Internal.Core","className":"OneTimeInitialization","methodName":"Initialize","loadTypes":1,"isUnityClass":false}]}
